https://www.youtube.com/watch?v=vfCTgeygk8I,Person,Sergey Sverchkov
https://www.youtube.com/watch?v=oW_lNhzEotU,Person,Cody Koeninger
https://www.youtube.com/watch?v=gOJxLaz4hk8,Person,Chris Larsen
https://www.youtube.com/watch?v=BT1dyUfFGlI,Person,Mike Lively
https://www.youtube.com/watch?v=9g84y_60VGM,Person,Eric David Benari
https://www.youtube.com/watch?v=9g84y_60VGM,Person,Dave Rosenthal
https://www.youtube.com/watch?v=9g84y_60VGM,Organization,MIT
https://www.youtube.com/watch?v=Elg2zDVIcLo,Person,Abe Haskins
https://www.youtube.com/watch?v=VOZXVEJcS-U,Person,Stefan Groschupf
https://www.youtube.com/watch?v=lcO1BTNh8r8,Person,Ming Chow
https://www.youtube.com/watch?v=lcO1BTNh8r8,Organization,Tufts University Department of Computer Science
https://www.youtube.com/watch?v=lcO1BTNh8r8,Organization,New England Chapter
https://www.youtube.com/watch?v=lcO1BTNh8r8,Organization,Harvard University
https://www.youtube.com/watch?v=lcO1BTNh8r8,Organization,Massachusetts Office
https://www.youtube.com/watch?v=lcO1BTNh8r8,Organization,High Technology Crime Investigation Association
https://www.youtube.com/watch?v=HS9Ib6yRzGU,Organization,Channel
https://www.youtube.com/watch?v=cf-CyssdTeE,Person,Stewart Smith
https://www.youtube.com/watch?v=ID20OvxVltM,Person,Joe Drumgoole
https://www.youtube.com/watch?v=qPATE6BBIQs,Person,Andrew Brust
https://www.youtube.com/watch?v=CuAYLX6reXE,Person,Freddy Vega
https://www.youtube.com/watch?v=PeXqGDadZMA,Person,Diane Burley
https://www.youtube.com/watch?v=PeXqGDadZMA,Person,Jason Hunter
https://www.youtube.com/watch?v=ydlpkCqiajo,Person,Miguel Angel
https://www.youtube.com/watch?v=ydlpkCqiajo,Person,Miguel Ángel Fajardo
https://www.youtube.com/watch?v=3EJlovevfcA,Person,Varun Singla
https://www.youtube.com/watch?v=Arx3N8tu1Go,Organization,University of Bozen-Bolzano
https://www.youtube.com/watch?v=Arx3N8tu1Go,Person,Béatrice Bouchou-Markhoff
https://www.youtube.com/watch?v=Arx3N8tu1Go,Person,Stéphane Curet
https://www.youtube.com/watch?v=Arx3N8tu1Go,Person,Olivier Marlet
https://www.youtube.com/watch?v=Arx3N8tu1Go,Person,Xavier Rodier
https://www.youtube.com/watch?v=Arx3N8tu1Go,Organization,Tours University
https://www.youtube.com/watch?v=wWRdJ3s5Gjg,Person,Alexander Fok
https://www.youtube.com/watch?v=wWRdJ3s5Gjg,Person,Rune Skou Larsen
https://www.youtube.com/watch?v=oL-A4JYwgH4,Organization,University of Texas
https://www.youtube.com/watch?v=ViCzuCihPWI,Organization,Relational Database Service
https://www.youtube.com/watch?v=8Rb0Z976XoE,Person,David Mizell
https://www.youtube.com/watch?v=8JpAtQuiEFE,Person,Emmanuel Bernard
https://www.youtube.com/watch?v=8JpAtQuiEFE,Organization,Grande Ecole
https://www.youtube.com/watch?v=ZijgjGqlqVw,Person,Barry P. Sheward
https://www.youtube.com/watch?v=kEEjyPkuiis,Person,Matthew Revell
https://www.youtube.com/watch?v=kEEjyPkuiis,Organization,The NoSQL
https://www.youtube.com/watch?v=c3sj6z-a6kQ,Person,Haytham Abdel Moneim
https://www.youtube.com/watch?v=c3sj6z-a6kQ,Organization,Department of Information SystemsFaculty of Computer & Information Sciences
https://www.youtube.com/watch?v=c3sj6z-a6kQ,Organization,Mansoura University
https://www.youtube.com/watch?v=XXGgYiXo8dI,Organization,Database Concepts Chapter for Class
https://www.youtube.com/watch?v=Bq8zkcbnRac,Person,Ravi Mayuram
https://www.youtube.com/watch?v=MsiIonHUpXQ,Person,Derick Rethans
https://www.youtube.com/watch?v=de_wsWhYNI0,Organization,University Academy
https://www.youtube.com/watch?v=de_wsWhYNI0,Person,Sandeep Vishwakarma
https://www.youtube.com/watch?v=de_wsWhYNI0,Organization,Raj Kumar Goel Institute of Technology Ghaziabad
https://www.youtube.com/watch?v=DrM_J3CYm_w,Organization,Relational Database Service
https://www.youtube.com/watch?v=DrM_J3CYm_w,Organization,Springfield Missouri Convention & Visitors Bureau
https://www.youtube.com/watch?v=DrM_J3CYm_w,Person,Aurora Serverless
https://www.youtube.com/watch?v=DrM_J3CYm_w,Organization,AWS Relational Database Service
https://www.youtube.com/watch?v=DrM_J3CYm_w,Person,Aurora MySQL
https://www.youtube.com/watch?v=eMzCI7S1P9M,Organization,Database administration
https://www.youtube.com/watch?v=dwxBAj1Acaw,Person,Michael Schrader
https://www.youtube.com/watch?v=dwxBAj1Acaw,Person,Arman Rawls
https://www.youtube.com/watch?v=KSKQ3eIYWuM,Person,Mike Elsmore
https://www.youtube.com/watch?v=8BBN3BWkmMM,Organization,Cloudant Learning Center
https://www.youtube.com/watch?v=NwLaVRJIL7Y,Person,Karl Brodowsky
https://www.youtube.com/watch?v=VRsaVO8In7I,Person,U.P.Kulkarni
https://www.youtube.com/watch?v=CsGalH0QKbs,Person,Super Key
https://www.youtube.com/watch?v=-89k56t_1VE,Person,Dor Laor
https://www.youtube.com/watch?v=goUQd1kHCQ0,Organization,NOSQL
https://www.youtube.com/watch?v=goUQd1kHCQ0,Person,Tim Anglade
https://www.youtube.com/watch?v=goUQd1kHCQ0,Person,Roger Bodamer
https://www.youtube.com/watch?v=rRoy6I4gKWU,Person,Alfred Fuller
https://www.youtube.com/watch?v=rRoy6I4gKWU,Person,Ken Ashcraft
https://www.youtube.com/watch?v=QlqylUeqeis,Person,Michael Harkins
https://www.youtube.com/watch?v=YvvzYrixtRk,Organization,University of Washington
https://www.youtube.com/watch?v=YvvzYrixtRk,Person,Bob Boiko
https://www.youtube.com/watch?v=ZltP4EAoYIk,Person,Dale Kim
https://www.youtube.com/watch?v=TvRDOLiadtg,Person,Andrew Brust
https://www.youtube.com/watch?v=QNGZ8X908qA,Person,Mike Lively
https://www.youtube.com/watch?v=f4Lr8NWu5uc,Person,FRANK LYARUU
https://www.youtube.com/watch?v=S1AUIq8GA1k,Person,Arthur Hsu
https://www.youtube.com/watch?v=PEGDCTm8fo4,Person,Matthew Brender
https://www.youtube.com/watch?v=Ee1v_SuECRk,Person,Rob Conery
https://www.youtube.com/watch?v=7WHpDoSIZeE,Person,Mark Collard
https://www.youtube.com/watch?v=-sGCPpfIV_I,Person,Dave Thomas
https://www.youtube.com/watch?v=-sGCPpfIV_I,Organization,Agile Alliance
https://www.youtube.com/watch?v=-sGCPpfIV_I,Organization,Carleton University in Canada
https://www.youtube.com/watch?v=-sGCPpfIV_I,Person,EclipseDave Thomas
https://www.youtube.com/watch?v=-sGCPpfIV_I,Person,Eric David Benari
https://www.youtube.com/watch?v=9YmhDa4UxQc,Person,Eric David Benari
https://www.youtube.com/watch?v=9YmhDa4UxQc,Person,Crate
https://www.youtube.com/watch?v=VeoJ3Rjw3Hg,Person,Jeremy Likness
https://www.youtube.com/watch?v=VDeQiI0xt-U,Person,Jeff Parsons
https://www.youtube.com/watch?v=03g2b6OYZJ8,Organization,#DataShark Academy
https://www.youtube.com/watch?v=03g2b6OYZJ8,Organization,#Business Intelligence
https://www.youtube.com/watch?v=wlRZ5Xq4b8Y,Person,Galo Balda
https://www.youtube.com/watch?v=bgFeBPnWx9Y,Person,Edward Roske
https://www.youtube.com/watch?v=bgFeBPnWx9Y,Organization,Essbase DATAEXPORT Command
https://www.youtube.com/watch?v=bgFeBPnWx9Y,Organization,DATAEXPORT Command
https://www.youtube.com/watch?v=y1OI512Po7A,Organization,Relational Database Service
https://www.youtube.com/watch?v=y1OI512Po7A,Organization,amazon Relational Database Service
https://www.youtube.com/watch?v=WVeO_9MuFiY,Person,Philipp Krenn
https://www.youtube.com/watch?v=YAP1j0TurQM,Organization,CBSE Board
https://www.youtube.com/watch?v=CJ7SA7B6Y3g,Person,Kevin Biger
https://www.youtube.com/watch?v=tQ1BLOm_opc,Person,Beda Hammerschmidt
https://www.youtube.com/watch?v=Go3P73-KV30,Person,Ryan Boyd
https://www.youtube.com/watch?v=X0OmbjK4uWw,Person,Hadoop ecosystem
https://www.youtube.com/watch?v=X0OmbjK4uWw,Person,Cassandra ecosystem
https://www.youtube.com/watch?v=WOFp08Byao4,Person,Jose Manuel Ramirez Leon
https://www.youtube.com/watch?v=PJfvezOtB5E,Person,Chris Anderson
https://www.youtube.com/watch?v=PJfvezOtB5E,Person,Donovan Brown
https://www.youtube.com/watch?v=4KR1Dg1t6U4,Person,Robert Kubis
https://www.youtube.com/watch?v=4KR1Dg1t6U4,Organization,Google's mission
https://www.youtube.com/watch?v=VnNbddUMZQI,Organization,Australian Computer Society
https://www.youtube.com/watch?v=IFbydfGV2lQ,Person,Robert Kubis
https://www.youtube.com/watch?v=cOANqaMnkNE,Organization,Google's Mission
https://www.youtube.com/watch?v=x4nOi76RF6Y,Person,Edgar F. Codd
https://www.youtube.com/watch?v=nuMtYsE6guM,Person,Kevin MacLeod
https://www.youtube.com/watch?v=nuMtYsE6guM,Person,Jason Shaw
https://www.youtube.com/watch?v=QXybEv4bqIw,Person,Hadoop ecosystem
https://www.youtube.com/watch?v=QXybEv4bqIw,Person,Cassandra ecosystem
https://www.youtube.com/watch?v=LhnGarRsKnA,Person,Brian Aker
https://www.youtube.com/watch?v=wNT-EZsaC98,Person,Mohammed Sameeruddin
https://www.youtube.com/watch?v=MMBfN7TkjtI,Person,Cris Ippolite
https://www.youtube.com/watch?v=ZFdX3xcDOzg,Person,Khawaja Shams
https://www.youtube.com/watch?v=64VG179N4no,Person,Pieter Noordhuis
https://www.youtube.com/watch?v=4sK3eZea6bI,Person,Rajesh Bordawekar
https://www.youtube.com/watch?v=HVJNxgLKtbo,Person,Michael J. Carey
https://www.youtube.com/watch?v=HVJNxgLKtbo,Person,Couchbase Connect
https://www.youtube.com/watch?v=Ol7rNfkZT2c,Organization,Data Center
https://www.youtube.com/watch?v=0BiFRWeH1kI,Organization,Service Architecture
https://www.youtube.com/watch?v=03RINvudJ8k,Organization,Universidad Distrital Francisco José de CaldasIngeniería Catastral
https://www.youtube.com/watch?v=03RINvudJ8k,Person,CardozoAlexis AcostaJosé Gómez
https://www.youtube.com/watch?v=03RINvudJ8k,Person,Daniel OsorioLeonardo CardozoAlexis
https://www.youtube.com/watch?v=03RINvudJ8k,Person,OsorioLeonardo CardozoAlexis AcostaJosé
https://www.youtube.com/watch?v=qE0oYg8AFoM,Organization,Database Service
https://www.youtube.com/watch?v=4C9IIPPCagI,Person,Ilya Kostin
https://www.youtube.com/watch?v=fXc-QDJBXpw,Organization,NoSQL
https://www.youtube.com/watch?v=oexOYUUyQik,Person,Ned Pajic
https://www.youtube.com/watch?v=DnFNJohMWI0,Organization,Relational Database Service
https://www.youtube.com/watch?v=r5aLqdczNMM,Person,Nabeel Derhem
https://www.youtube.com/watch?v=5CKSs_zruYc,Person,Cadence OrCAD
https://www.youtube.com/watch?v=81w00-sYgWc,Person,Mike Grove
https://www.youtube.com/watch?v=81w00-sYgWc,Organization,University of Maryland
https://www.youtube.com/watch?v=81w00-sYgWc,Person,Michael
https://www.youtube.com/watch?v=81w00-sYgWc,Person,Zaid Marji
https://www.youtube.com/watch?v=sxWTPruEWRU,Person,David Pilato Tombé
https://www.youtube.com/watch?v=rIGLLm2bhuU,Person,Joakim Karud
https://www.youtube.com/watch?v=-D3dmMfQ9p0,Person,Hillary Mason
https://www.youtube.com/watch?v=_HLoH_PgrLk,Person,Lars George
https://www.youtube.com/watch?v=tiLxUezITUk,Person,Intro
https://www.youtube.com/watch?v=tiLxUezITUk,Person,Steven Edouard
https://www.youtube.com/watch?v=tiLxUezITUk,Person,Rami Sayar
https://www.youtube.com/watch?v=IstAk982ntA,Person,Ned Pajic
https://www.youtube.com/watch?v=a0OvgTfF8Pg,Person,Jeremy Zawodny
https://www.youtube.com/watch?v=ps5RtmWKwLY,Person,Holger Spill
https://www.youtube.com/watch?v=iGMjK8UY9gQ,Person,Dmitriy Novakovskiy
https://www.youtube.com/watch?v=qI_g07C_Q5I,Person,Martin Fowler
https://www.youtube.com/watch?v=0bbp5vyutTU,Person,Elliott Wave
https://www.youtube.com/watch?v=XiwYOVs62xU,Person,Carl Strozzi
https://www.youtube.com/watch?v=WmGgxTpGs_8,Organization,MySQL Command
https://www.youtube.com/watch?v=zgkNBemsr2A,Person,Lisa Friedrichsen
https://www.youtube.com/watch?v=ztHopE5Wnpc,Person,Caleb Curry
https://www.youtube.com/watch?v=ztHopE5Wnpc,Person,Natural Key
https://www.youtube.com/watch?v=ztHopE5Wnpc,Person,Surrogate Key
https://www.youtube.com/watch?v=323IPDkW9zo,Person,Alex Gorbachev
https://www.youtube.com/watch?v=WtjZRusaa9o,Person,Michael Kennedy
https://www.youtube.com/watch?v=reIBmeLBiMc,Person,Toby Knight
https://www.youtube.com/watch?v=qMoIKTUrPqQ,Person,Josue Silvestre Noi
https://www.youtube.com/watch?v=qMoIKTUrPqQ,Person,Paul Toillion
https://www.youtube.com/watch?v=QsXAk-7xeAg,Organization,MidAmerica Nazarene University
https://www.youtube.com/watch?v=EAeviDFkZL8,Person,Jan Steemann
https://www.youtube.com/watch?v=drvWtq6XVMg,Person,Cassandra Tutorial | Edureka
https://www.youtube.com/watch?v=CvIr-2lMLsk,Person,Dwight Merriman
https://www.youtube.com/watch?v=CvIr-2lMLsk,Person,Eliot Horowitz
https://www.youtube.com/watch?v=7eSk3wLQvq0,Organization,University Academy
https://www.youtube.com/watch?v=7eSk3wLQvq0,Person,Sandeep Vishwakarma
https://www.youtube.com/watch?v=7eSk3wLQvq0,Organization,Raj Kumar Goel Institute of Technology Ghaziabad
https://www.youtube.com/watch?v=1KsZKRcgmuU,Person,Dave Rosenthal
https://www.youtube.com/watch?v=aj76RPamXeE,Person,AWS RDS SQL
https://www.youtube.com/watch?v=pxldkyPk2Dw,Person,Sarah Conway
https://www.youtube.com/watch?v=lS7zNbB-XfI,Person,Michael Stonebraker
https://www.youtube.com/watch?v=kKobwYzaYv0,Organization,Database Concepts Chapter for Class
https://www.youtube.com/watch?v=F3vfPdx6q5Y,Organization,American National Standards Institute
https://www.youtube.com/watch?v=X4TfveHzBwM,Person,Mike Yagley
https://www.youtube.com/watch?v=4rhKKFbbYT4,Person,Nick Palenchar
https://www.youtube.com/watch?v=cps385WgANE,Person,Sark
https://www.youtube.com/watch?v=cps385WgANE,Person,Candy Corn Respawn Inbox
https://www.youtube.com/watch?v=6u2zsJOJ_GE,Person,Bart Baesens
https://www.youtube.com/watch?v=6u2zsJOJ_GE,Organization,University of Southampton
https://www.youtube.com/watch?v=6u2zsJOJ_GE,Organization,KU Leuven University
https://www.youtube.com/watch?v=1ge5Iz9ndTc,Person,Arun Gupta
https://www.youtube.com/watch?v=IfsTINNCooY,Person,Dominic Preuss
https://www.youtube.com/watch?v=IfsTINNCooY,Organization,Google's mission
https://www.youtube.com/watch?v=TDocrRL7tuo,Person,Carlo Barbieri
https://www.youtube.com/watch?v=ELjqpw6feJ4,Organization,Relational Database
https://www.youtube.com/watch?v=YJqkG9BV6hU,Person,Edgar F. Codd
https://www.youtube.com/watch?v=CmbbtpGW_YY,Person,Paul Dix
https://www.youtube.com/watch?v=os1-plBMaKU,Person,Stephan Hochdörfer
https://www.youtube.com/watch?v=TC6tZvq_LtI,Person,David
https://www.youtube.com/watch?v=TC6tZvq_LtI,Person,Tugdual
https://www.youtube.com/watch?v=TC6tZvq_LtI,Person,David Pilato Tombé
https://www.youtube.com/watch?v=sd8ooZSyFHw,Person,Donald D. Chamberlin
https://www.youtube.com/watch?v=sd8ooZSyFHw,Person,Raymond F. Boyce
https://www.youtube.com/watch?v=sd8ooZSyFHw,Organization,UC Berkeley
https://www.youtube.com/watch?v=zAbFRiyT3LU,Person,Mark Atwood
https://www.youtube.com/watch?v=BS0MWy5QND8,Person,Matt Ingenthron
https://www.youtube.com/watch?v=BS0MWy5QND8,Person,Subhashni Balakrishnan
https://www.youtube.com/watch?v=ca9jrCFlDxI,Person,Ray Bradbury
https://www.youtube.com/watch?v=ECM_a3-LYLo,Person,Lawrence Ellison
https://www.youtube.com/watch?v=9G05fRN6mgQ,Person,Jeremy Likness
https://www.youtube.com/watch?v=9G05fRN6mgQ,Organization,USDA
https://www.youtube.com/watch?v=EDMh2Mmf3zM,Person,Serge Rider
https://www.youtube.com/watch?v=EDMh2Mmf3zM,Person,Tatiana Krupenya
https://www.youtube.com/watch?v=cQ8z9L4TfRM,Person,Doug Gardner
https://www.youtube.com/watch?v=QaLIRonfngM,Person,Vladimir de Turckheim
https://www.youtube.com/watch?v=PIWVFUtBV1Q,Person,Jared Rosoff
https://www.youtube.com/watch?v=E5LSAjDhNvE,Organization,ArsDigita University
https://www.youtube.com/watch?v=XmS6Kv0x6y4,Person,Eric Evans
https://www.youtube.com/watch?v=XmS6Kv0x6y4,Person,Johan Oskarsson
https://www.youtube.com/watch?v=xvqAjIQY3oM,Person,Thomas Frank
https://www.youtube.com/watch?v=EfMIWTnbhGw,Person,Sumedh
https://www.youtube.com/watch?v=EfMIWTnbhGw,Organization,Stanford University
https://www.youtube.com/watch?v=NRPck4SGR6k,Person,Manuel Eusebio de Paz Carmona
https://www.youtube.com/watch?v=mnfMPyrBdjs,Person,Jose Manuel Ramirez Leon
https://www.youtube.com/watch?v=gJFG04Sy6NY,Person,Cassandra Vs
https://www.youtube.com/watch?v=h1-QG_shi24,Organization,Linux Academy
https://www.youtube.com/watch?v=sF5mDJtmmec,Organization,Mayfield Fund
https://www.youtube.com/watch?v=sF5mDJtmmec,Person,Bob Wiederhold
https://www.youtube.com/watch?v=lev6D3QSoaI,Organization,University of Virginia
https://www.youtube.com/watch?v=lev6D3QSoaI,Organization,Federal government
https://www.youtube.com/watch?v=lev6D3QSoaI,Person,Scotty Nelson
https://www.youtube.com/watch?v=mgipNdAgQ3o,Person,Lukas Eder
https://www.youtube.com/watch?v=Xys19uLzBhk,Person,Eric David Benari
https://www.youtube.com/watch?v=HSzRPvlY-bQ,Organization,Channel
https://www.youtube.com/watch?v=idApf9DMdfk,Person,Ben Hale
https://www.youtube.com/watch?v=TpyUFWM18p0,Organization,JALAYER ACADEMY
https://www.youtube.com/watch?v=Ck70G6OuGT4,Person,Ben Kepes
https://www.youtube.com/watch?v=Ck70G6OuGT4,Person,Dave Vellante
https://www.youtube.com/watch?v=Ck70G6OuGT4,Person,Adam Fuchs
https://www.youtube.com/watch?v=3OFHGITUcwU,Person,Hadoop ecosystem
https://www.youtube.com/watch?v=3OFHGITUcwU,Person,Cassandra ecosystem
https://www.youtube.com/watch?v=CEMPG1QvMVw,Person,Nathan Marz
https://www.youtube.com/watch?v=V29-GMYRYNs,Person,Semi Structured
https://www.youtube.com/watch?v=OWBl6YuTEqI,Person,Nick Moore
https://www.youtube.com/watch?v=ZcyqU53OVnM,Person,Oracle
https://www.youtube.com/watch?v=ZcyqU53OVnM,Person,Morgan Tocker
https://www.youtube.com/watch?v=Zx3t7g2KU2Q,Person,Steven Lott
https://www.youtube.com/watch?v=pBGFXbu4iBs,Organization,Beginners Amazon Relational Database Service
https://www.youtube.com/watch?v=pBGFXbu4iBs,Organization,#AmazonRelationalDatabase Service
https://www.youtube.com/watch?v=fYExtJIWOc8,Person,Hope U Like
https://www.youtube.com/watch?v=MVQOmonaFOg,Person,Alternate Key
https://www.youtube.com/watch?v=2lrNZdY3fE4,Person,Inner Join
https://www.youtube.com/watch?v=zlZ4Q3T3KHY,Organization,Machine Learning Vs Artificial Intelligence
https://www.youtube.com/watch?v=modXC5IWTJI,Person,Jeffrey Dean
https://www.youtube.com/watch?v=modXC5IWTJI,Organization,Stanford Center for Professional Development
https://www.youtube.com/watch?v=modXC5IWTJI,Organization,Stanford University
https://www.youtube.com/watch?v=modXC5IWTJI,Organization,School of Engineering
https://www.youtube.com/watch?v=2FpDwMy4sy0,Organization,ArsDigita University
https://www.youtube.com/watch?v=BJWjqNsQ5Vw,Organization,Mumbai University
https://www.youtube.com/watch?v=59_6k6BVlZI,Person,Freddy Vega obtendrás
https://www.youtube.com/watch?v=CdmK125jI8s,Person,David Rivers
https://www.youtube.com/watch?v=E5wGoIVFBuU,Organization,Relational Database Service
https://www.youtube.com/watch?v=BRYhOE492u8,Person,Mark Rees
https://www.youtube.com/watch?v=EIHYqxryo3c,Person,David Rubin
https://www.youtube.com/watch?v=BB0JWXiGS7s,Organization,Channel
https://www.youtube.com/watch?v=5GvvBo3Dr9o,Person,Shin-Ichiro Takahashi
https://www.youtube.com/watch?v=b1bsp4-nELU,Person,Mike Hoskins
https://www.youtube.com/watch?v=I7vAxrzZQlg,Person,Charles Guarino
https://www.youtube.com/watch?v=I7vAxrzZQlg,Person,Jeff Tickner
https://www.youtube.com/watch?v=l68zxgZS_wc,Person,Pramod Sadalage
https://www.youtube.com/watch?v=MEYm3El0mdY,Person,Mark Phillips
https://www.youtube.com/watch?v=MEYm3El0mdY,Person,Barton George
https://www.youtube.com/watch?v=9IskoIHQYhI,Person,Víctor Robles
https://www.youtube.com/watch?v=RKB1QmIwOaY,Organization,L5 Chapter
https://www.youtube.com/watch?v=ASiU89Gl0F0,Person,Martin Fowler
https://www.youtube.com/watch?v=sJItCOxssWs,Person,Anwar Ali
https://www.youtube.com/watch?v=Jg7ZHgQ0wcA,Person,Sasha Goldshtein
https://www.youtube.com/watch?v=Jg7ZHgQ0wcA,Person,DevWeek
https://www.youtube.com/watch?v=B_QU9OGwtbI,Person,Soper
https://www.youtube.com/watch?v=Wa6vQzaCKsE,Person,Grant McAlister
https://www.youtube.com/watch?v=JXv42-qRYcU,Organization,American National Standards Institute
https://www.youtube.com/watch?v=qMQQ6SLSGvE,Person,Donald D. Chamberlin
https://www.youtube.com/watch?v=qMQQ6SLSGvE,Person,Raymond F. Boyce
https://www.youtube.com/watch?v=qMQQ6SLSGvE,Organization,UC Berkeley
https://www.youtube.com/watch?v=eSSIBRQcZfk,Person,Scott Wallace
https://www.youtube.com/watch?v=nl32uJzE1Nk,Person,Edgar F. Codd
https://www.youtube.com/watch?v=f1hSvfDIfbo,Person,Schwartz
https://www.youtube.com/watch?v=kyGVhx5LwXw,Person,Soper
https://www.youtube.com/watch?v=guenQ_2RuGA,Person,Arnaud Bailly
https://www.youtube.com/watch?v=guenQ_2RuGA,Person,Guo Liang
https://www.youtube.com/watch?v=guenQ_2RuGA,Person,Amar Potghan
https://www.youtube.com/watch?v=rn_68hBqt20,Person,Dave Nettleton
https://www.youtube.com/watch?v=rn_68hBqt20,Person,Dominic Preuss
https://www.youtube.com/watch?v=BjX06PNcKQE,Organization,University of Pretoria
https://www.youtube.com/watch?v=BjX06PNcKQE,Organization,Department of Informatics
https://www.youtube.com/watch?v=BjX06PNcKQE,Person,K Smith
https://www.youtube.com/watch?v=4WX2MZvmzho,Person,Soper
https://www.youtube.com/watch?v=4WX2MZvmzho,Organization,NoSQL
https://www.youtube.com/watch?v=pNWJ8rPcaZk,Person,Hadoop ecosystem
https://www.youtube.com/watch?v=pNWJ8rPcaZk,Person,Cassandra ecosystem
https://www.youtube.com/watch?v=QYtE-Irbd7E,Person,Aileen Nielsen
https://www.youtube.com/watch?v=M8BjXNLmuOY,Person,Spencer McIntyre
https://www.youtube.com/watch?v=E8w1y1Jo7YI,Person,Benjamin Eberlei
https://www.youtube.com/watch?v=MUN1CaC-wPE,Person,Ebrahim Hegazy
https://www.youtube.com/watch?v=b1VFyEhucnA,Person,Josh Lane
https://www.youtube.com/watch?v=tDSfE7SWFd4,Person,Robert Greene
https://www.youtube.com/watch?v=ymb9gsl_x1U,Person,Woo
https://www.youtube.com/watch?v=Fi8oO_MkkWo,Person,Andreas Jung
https://www.youtube.com/watch?v=AC9xUc4SkvU,Person,Greg DeMichillie
https://www.youtube.com/watch?v=AC9xUc4SkvU,Person,Robert Kubis
https://www.youtube.com/watch?v=E_ekWwZRGNI,Person,Andrew Snodgrass
https://www.youtube.com/watch?v=_IPhx2TzkBY,Person,Michael Rys
https://www.youtube.com/watch?v=_IPhx2TzkBY,Person,Mark Ginnebaugh
https://www.youtube.com/watch?v=Bt-aEDG7w9g,Person,Giuseppe De Giacomo
https://www.youtube.com/watch?v=Bt-aEDG7w9g,Organization,University of Toronto
https://www.youtube.com/watch?v=x8Ix_QaQIno,Person,John Leach
https://www.youtube.com/watch?v=cbJ-xaBfWLM,Organization,University of Houston
https://www.youtube.com/watch?v=cbJ-xaBfWLM,Person,Gary D. Boetticher
https://www.youtube.com/watch?v=9G5960c2EQ4,Person,Arnab Chakraborty
https://www.youtube.com/watch?v=sDtnlPdqwWI,Person,Mike Kavis
https://www.youtube.com/watch?v=sDtnlPdqwWI,Person,Justin Weiler
https://www.youtube.com/watch?v=mHgXm1e9hTM,Person,Richard Carlton
https://www.youtube.com/watch?v=eB-YHgMT2D0,Person,Lucas Dohmen
https://www.youtube.com/watch?v=iYs9ReKvRRs,Person,Andreas Petutschnig
https://www.youtube.com/watch?v=Z4I9Y8lqHtk,Person,Arnab Chakraborty
https://www.youtube.com/watch?v=oKRwtyyw6cg,Person,Jasmine Greenaway
https://www.youtube.com/watch?v=oKRwtyyw6cg,Person,Burke Greenaway
https://www.youtube.com/watch?v=xe-y2bEJn48,Organization,Channel
https://www.youtube.com/watch?v=5qEoEAfAer8,Person,Cassandra Tutorials
https://www.youtube.com/watch?v=jxcQNftPxhs,Person,Jonathan Ellis
https://www.youtube.com/watch?v=xvpRAy-lbTE,Person,Philipp Krenn
https://www.youtube.com/watch?v=78r0MgH0u0w,Person,Ian Robinson
https://www.youtube.com/watch?v=LWJelYu0FJQ,Person,Rudi Bruchez
https://www.youtube.com/watch?v=fFGR1FBDpE4,Person,Jan Steemann
https://www.youtube.com/watch?v=fTeLlNHBAgw,Person,Bruce Momjian
https://www.youtube.com/watch?v=fTeLlNHBAgw,Person,Eric David Benari
https://www.youtube.com/watch?v=K4Rw-WjM5j8,Organization,Relational Database Service
https://www.youtube.com/watch?v=vCjisAATDUM,Person,Chris Richardson
https://www.youtube.com/watch?v=Gj5RQ4V2JfI,Person,Cassandra - Apache Cassandra
https://www.youtube.com/watch?v=yQvdJ2mVHjg,Person,Tomas Ulin
https://www.youtube.com/watch?v=eEAAx89oDdk,Organization,AWS Database Migration Service
https://www.youtube.com/watch?v=olA1HhgwoIA,Organization,NYU
https://www.youtube.com/watch?v=olA1HhgwoIA,Person,Azza Abouzied
https://www.youtube.com/watch?v=iJhYjSM_kWk,Organization,Oklahoma State University
https://www.youtube.com/watch?v=iJhYjSM_kWk,Person,William Paiva
https://www.youtube.com/watch?v=iJhYjSM_kWk,Organization,Center for Health Systems Innovation
https://www.youtube.com/watch?v=FFTHQt_KFNM,Person,Robert Kubis
https://www.youtube.com/watch?v=iH9CjZrg6PU,Organization,CUNY Institute for Software Design and Development
https://www.youtube.com/watch?v=iH9CjZrg6PU,Organization,New York Technology Council
https://www.youtube.com/watch?v=wgdBVIX9ifA,Person,Martin Fowler
https://www.youtube.com/watch?v=xb5_0AD-RcU,Person,Andrew Geweke
https://www.youtube.com/watch?v=xb5_0AD-RcU,Person,Andrew Gewke
https://www.youtube.com/watch?v=nAebIt7tHFI,Person,Haytham Abdel Moneim
https://www.youtube.com/watch?v=nAebIt7tHFI,Organization,Department of Information SystemsFaculty of Computer & Information Sciences
https://www.youtube.com/watch?v=nAebIt7tHFI,Organization,Mansoura University
https://www.youtube.com/watch?v=PHoEGKzMPHo,Organization,Channel
https://www.youtube.com/watch?v=fCd1tbCqclQ,Person,Gary Devendorf
https://www.youtube.com/watch?v=fCd1tbCqclQ,Person,Kevin Bell
https://www.youtube.com/watch?v=Ox50A4y-f2E,Organization,Relational Database Service
https://www.youtube.com/watch?v=uJb4HjtvcIE,Person,Emily Yi Ho
https://www.youtube.com/watch?v=4oagT4vk3SI,Person,Ted Neward
https://www.youtube.com/watch?v=Je9BKVBM818,Person,Robin Schumacher
https://www.youtube.com/watch?v=CWKgGkzsuRs,Organization,ArsDigita University
https://www.youtube.com/watch?v=Ci8gTjn5Y0E,Person,Andy matthews
https://www.youtube.com/watch?v=EXQfO-y52_0,Person,Rafael Chinelato Del Nero
https://www.youtube.com/watch?v=K4Ve9BvUJBk,Person,Tom Bujok
https://www.youtube.com/watch?v=_vkRh319LRU,Organization,University of Oxford
https://www.youtube.com/watch?v=WetZPlU_yMU,Person,Victoria Schaufuss
https://www.youtube.com/watch?v=mor2p0UqZ14,Person,Alon Motro
https://www.youtube.com/watch?v=t65--zYicZA,Person,Akshay Magre
https://www.youtube.com/watch?v=jlLnTKrdGZI,Organization,Database Migration Service
https://www.youtube.com/watch?v=1Ge-V5kOR3g,Person,Hope U Like
https://www.youtube.com/watch?v=z5YnKt2aOCs,Person,David Gassner
https://www.youtube.com/watch?v=2lxLTU2SFLs,Person,Brian Bulkowski
https://www.youtube.com/watch?v=2lxLTU2SFLs,Person,Steve Yatko
https://www.youtube.com/watch?v=TORzO9Oc9oU,Person,Ryan Shuttleworth
https://www.youtube.com/watch?v=4Z9KEBexzcM,Person,Soper
https://www.youtube.com/watch?v=WELbuxsV6rM,Organization,Relational Database Service
https://www.youtube.com/watch?v=wxfkjHkcnAw,Person,Matthew "Roder" Heitzenroder
https://www.youtube.com/watch?v=wxfkjHkcnAw,Person,Austin NoSQL
https://www.youtube.com/watch?v=mIN3W49Fjgo,Organization,CA IPCC IT Chapter
https://www.youtube.com/watch?v=fSbC2XaoepE,Organization,GameDev Academy
https://www.youtube.com/watch?v=fSbC2XaoepE,Organization,MongoDB and NoSQL Movement
https://www.youtube.com/watch?v=YmpoHhwaaIo,Person,Haytham Abdel Moneim
https://www.youtube.com/watch?v=YmpoHhwaaIo,Organization,Department of Information SystemsFaculty of Computer & Information Sciences
https://www.youtube.com/watch?v=YmpoHhwaaIo,Organization,Mansoura University
https://www.youtube.com/watch?v=x7wrwU4AOqA,Person,E. F. Codd
https://www.youtube.com/watch?v=D5w9lr8vcBU,Organization,MOM Computer Institution
https://www.youtube.com/watch?v=HLlKSDrRImA,Organization,Jakarta Tech Talks Meetup
https://www.youtube.com/watch?v=adYoR_2U-3g,Person,Christoph Koch
https://www.youtube.com/watch?v=adYoR_2U-3g,Organization,IC School
https://www.youtube.com/watch?v=jbpp-z62Nu4,Person,Here Dave Rosenthal
https://www.youtube.com/watch?v=-eFZ7Ri-y7g,Person,Richard Carlton
https://www.youtube.com/watch?v=oIpjcqHyx2M,Person,Antoine Augusti
https://www.youtube.com/watch?v=oIpjcqHyx2M,Person,Thibaud Dauce
https://www.youtube.com/watch?v=A42FG4LzdbY,Person,David Powers
https://www.youtube.com/watch?v=ZZK3VPCbHEQ,Organization,NoSQL
https://www.youtube.com/watch?v=dE9f-DkzIM4,Person,Haytham Abdel Moneim
https://www.youtube.com/watch?v=dE9f-DkzIM4,Organization,Department of Information SystemsFaculty of Computer & Information Sciences
https://www.youtube.com/watch?v=dE9f-DkzIM4,Organization,Mansoura University
https://www.youtube.com/watch?v=050r_ijgwcU,Person,Cassandra Part
https://www.youtube.com/watch?v=3fL4VaL88rQ,Person,Radu Sion
https://www.youtube.com/watch?v=3fL4VaL88rQ,Organization,Stony Brook University
https://www.youtube.com/watch?v=aotCPUtahDU,Person,Lahav Savir
https://www.youtube.com/watch?v=fTl7amo-cGk,Person,David Wursteisen
